{
    "test": {
        "rmse": 3.247335683122659,
        "mae": 2.5553199199045395,
        "r2": 0.9480194255513323
    }
}
