{
    "train": {
        "rmse": 2.94032936675138,
        "mae": 2.3164726998025413,
        "r2": 0.954883528076111
    }
}