{
    "test": {
        "rmse": 3.5541512935646904,
        "mae": 2.8024318896853355,
        "r2": 0.9377329161294585
    }
}
