{
    "train": {
        "rmse": 3.0419900974285166,
        "mae": 2.4116625890990213,
        "r2": 0.9517098271696818
    }
}