{
    "train": {
        "rmse": 2.423949673614574,
        "mae": 1.9234068878931856,
        "r2": 0.9693387140647519
    }
}