{
    "test": {
        "rmse": 3.739881451384987,
        "mae": 2.855739477411645,
        "r2": 0.9310550633313259
    }
}
