{
    "test": {
        "rmse": 3.5516406121108117,
        "mae": 2.806510588984646,
        "r2": 0.9378208570089349
    }
}
