{
    "coef_0": -0.008975135764073374,
    "coef_1": -0.08822514691668135,
    "coef_2": -0.0029279986900004142,
    "coef_3": -0.0003263170770856422,
    "coef_4": -0.026779716614935077,
    "coef_5": 0.181466137443483,
    "coef_6": 0.00024377226500022376,
    "coef_7": 0.008450244527743551,
    "coef_8": -0.008694016792743712
}