{
    "test": {
        "rmse": 3.5747226454430745,
        "mae": 2.8321367208179615,
        "r2": 0.9370100290321268
    }
}
